phase,project,model,reruns,functional_score_mean,functional_score_std,functional_score_cv,functional_score_p05,functional_score_p95,non_functional_score_mean,non_functional_score_std,non_functional_score_cv,non_functional_score_p05,non_functional_score_p95,maintainability_mean,maintainability_std,maintainability_cv,maintainability_p05,maintainability_p95,security_mean,security_std,security_cv,security_p05,security_p95,robustness_mean,robustness_std,robustness_cv,robustness_p05,robustness_p95,performance_mean,performance_std,performance_cv,performance_p05,performance_p95,resource_mean,resource_std,resource_cv,resource_p05,resource_p95,perf_elapsed_time_s_mean,perf_elapsed_time_s_std,perf_elapsed_time_s_cv,perf_elapsed_time_s_p05,perf_elapsed_time_s_p95,avg_memory_mb_mean,avg_memory_mb_std,avg_memory_mb_cv,avg_memory_mb_p05,avg_memory_mb_p95,avg_cpu_percent_mean,avg_cpu_percent_std,avg_cpu_percent_cv,avg_cpu_percent_p05,avg_cpu_percent_p95,mi_min_mean,mi_min_std,mi_min_cv,mi_min_p05,mi_min_p95
reruns,Astral,gpt-5.2,5,1.0,0.0,0.0,1.0,1.0,0.89186,0.006150967403587815,0.006896785822424837,0.88478,0.89954,0.8943,0.0,0.0,0.8943,0.8943,1.0,0.0,0.0,1.0,1.0,0.6667,0.0,0.0,0.6667,0.6667,0.86262,0.053712508785198294,0.062266709310238914,0.80138,0.93,0.9977,0.0028312541390698117,0.00283778103545135,0.99398,1.0,1.4071432,0.08758909372153591,0.0622460412853048,1.3004681999999999,1.508775,33.416000000000004,0.27244081926172625,0.008153005125141435,33.129999999999995,33.758,97.22,1.6412190591142914,0.01688149618508837,94.88,98.88000000000001,0.0,0.0,0.0,0.0,0.0
reruns,Astral,gemini-3-pro-preview,5,1.0,0.0,0.0,1.0,1.0,0.7314,0.0,0.0,0.7314,0.7314,0.9206,0.0,0.0,0.9206,0.9206,1.0,0.0,0.0,1.0,1.0,1.0,0.0,0.0,1.0,1.0,0.0,0.0,0.0,0.0,0.0,0.0,0.0,0.0,0.0,0.0,1.5955262,0.04915954079281048,0.030810864022671944,1.5607986,1.6703762,34.104,0.3952012145730341,0.011588119123065743,33.577999999999996,34.548,99.96,1.8347751905887535,0.018355093943464924,98.0,102.44,0.0,0.0,0.0,0.0,0.0
reruns,Astral,claude-4.5-sonnet,5,1.0,0.0,0.0,1.0,1.0,0.93202,0.003442324795832047,0.0036934022830326036,0.92866,0.93626,0.9049,0.0,0.0,0.9049,0.9049,1.0,0.0,0.0,1.0,1.0,1.0,0.0,0.0,1.0,1.0,0.72094,0.029251092287297577,0.04057354604724051,0.69178,0.7585,0.9978400000000001,0.0026462048295624995,0.0026519330048529817,0.9945400000000001,1.0,1.6799013999999999,0.06720389933805924,0.04000466892762828,1.5941894,1.7478996,33.45,0.21651789764358964,0.006472881842857687,33.263999999999996,33.717999999999996,100.38,0.9887365675446638,0.009849935918954611,99.2,101.72,0.0,0.0,0.0,0.0,0.0
reruns,Cachetools,gpt-5.2,5,0.0,0.0,0.0,0.0,0.0,0.4935,0.0,0.0,0.4935,0.4935,0.7041,0.0,0.0,0.7041,0.7041,1.0,0.0,0.0,1.0,1.0,0.0,0.0,0.0,0.0,0.0,0.0,0.0,0.0,0.0,0.0,0.0,0.0,0.0,0.0,0.0,1.697556,0.02382546964070166,0.01403515974772064,1.6806884000000002,1.734225,35.558,0.41763141644277624,0.01174507611347028,35.07,36.14,98.84,1.632911510156016,0.016520755869648077,96.58,100.78,0.0,0.0,0.0,0.0,0.0
reruns,Cachetools,gemini-3-pro-preview,5,0.9231,0.0,0.0,0.9231,0.9231,0.89388,0.0036798913027425145,0.004116762096413964,0.88824,0.89694,0.8036,0.0,0.0,0.8036,0.8036,1.0,0.0,0.0,1.0,1.0,0.8182,0.0,0.0,0.8182,0.8182,0.95342,0.030612245915646253,0.03210782857045819,0.9064,0.97858,0.99376,0.0025617181734140697,0.0025778036683042887,0.99088,0.99744,1.3097088000000001,0.04375016641065488,0.03340449908457122,1.2746506000000002,1.3770224,31.374,0.21350409832132114,0.00680512839680376,31.099999999999998,31.622,97.48,1.9281078807992025,0.019779522782100968,94.82000000000001,99.76,0.0,0.0,0.0,0.0,0.0
reruns,Cachetools,claude-4.5-sonnet,5,0.0,0.0,0.0,0.0,0.0,0.5167,0.0,0.0,0.5167,0.5167,0.7687,0.0,0.0,0.7687,0.7687,1.0,0.0,0.0,1.0,1.0,0.0,0.0,0.0,0.0,0.0,0.0,0.0,0.0,0.0,0.0,0.0,0.0,0.0,0.0,0.0,1.6900684,0.01680525639911509,0.009943536249251858,1.6657584,1.7061312,35.852,0.40086905592724437,0.011181218786322783,35.333999999999996,36.367999999999995,98.36,1.0873821775254537,0.011055125839014373,96.67999999999999,99.1,0.0,0.0,0.0,0.0,0.0
reruns,Celery,gpt-5.2,5,0.5,0.0,0.0,0.5,0.5,0.4662,0.0003162277660168382,0.0006783092364153544,0.4658,0.4666,0.0,0.0,0.0,0.0,0.0,1.0,0.0,0.0,1.0,1.0,0.6667,0.0,0.0,0.6667,0.6667,0.0,0.0,0.0,0.0,0.0,0.99602,0.002498319435140356,0.0025083024790068034,0.99288,0.9992,1.6209094,0.02277376095070821,0.014049990055402363,1.590986,1.650142,31.662,0.23249946236496974,0.007343170436642339,31.381999999999998,31.904,99.64,1.1620671237067133,0.011662656801552722,97.92,100.64,0.0,0.0,0.0,0.0,0.0
reruns,Celery,gemini-3-pro-preview,5,1.0,0.0,0.0,1.0,1.0,0.62904,0.0011926441212700132,0.0018959750115573146,0.62766,0.6304599999999999,0.0,0.0,0.0,0.0,0.0,1.0,0.0,0.0,1.0,1.0,1.0,0.0,0.0,1.0,1.0,0.91132,0.008589621644752455,0.009425472550533791,0.90212,0.92254,0.99736,0.00206552656724622,0.002070993991383472,0.9944000000000001,0.99966,4.1361354,0.03892041940986774,0.009409851382009338,4.0854808,4.17792,44.467999999999996,0.31801886736481527,0.007151634149609051,43.99,44.754,98.66,0.5953150426454892,0.006034006108306195,97.89999999999999,99.42,0.0,0.0,0.0,0.0,0.0
reruns,Celery,claude-4.5-sonnet,5,0.0,0.0,0.0,0.0,0.0,0.24,0.0,0.0,0.24,0.24,0.0,0.0,0.0,0.0,0.0,1.0,0.0,0.0,1.0,1.0,0.0,0.0,0.0,0.0,0.0,0.0,0.0,0.0,0.0,0.0,0.0,0.0,0.0,0.0,0.0,1.5777254,0.025584758952157463,0.016216230626798212,1.548964,1.6128786000000002,32.084,0.25350345165302995,0.007901242103635143,31.862,32.468,98.54,2.203270296627267,0.022359146505249308,96.8,101.76,0.0,0.0,0.0,0.0,0.0
reruns,Click,gpt-5.2,5,1.0,0.0,0.0,1.0,1.0,0.4,0.0,0.0,0.4,0.4,0.0,0.0,0.0,0.0,0.0,1.0,0.0,0.0,1.0,1.0,1.0,0.0,0.0,1.0,1.0,0.0,0.0,0.0,0.0,0.0,0.0,0.0,0.0,0.0,0.0,1.8193744,0.06017410699827631,0.033074064908397253,1.7510728,1.9031668000000002,38.07,0.35659500837785124,0.009366824491143977,37.602,38.47,99.02,1.8701871564097525,0.01888696380942994,96.58,101.44,0.0,0.0,0.0,0.0,0.0
reruns,Click,gemini-3-pro-preview,5,0.1818,0.0,0.0,0.1818,0.1818,0.24,0.0,0.0,0.24,0.24,0.0,0.0,0.0,0.0,0.0,1.0,0.0,0.0,1.0,1.0,0.0,0.0,0.0,0.0,0.0,0.0,0.0,0.0,0.0,0.0,0.0,0.0,0.0,0.0,0.0,1.785643,0.05082345393615039,0.02846227041807931,1.7263048,1.8517934,38.034,0.459460553257839,0.012080258538619104,37.536,38.638,99.82,1.1356055653262729,0.011376533413406862,98.28,101.0,0.0,0.0,0.0,0.0,0.0
reruns,Click,claude-4.5-sonnet,5,0.0,0.0,0.0,0.0,0.0,0.24,0.0,0.0,0.24,0.24,0.0,0.0,0.0,0.0,0.0,1.0,0.0,0.0,1.0,1.0,0.0,0.0,0.0,0.0,0.0,0.0,0.0,0.0,0.0,0.0,0.0,0.0,0.0,0.0,0.0,1.7995458,0.05431939073075101,0.03018505599065665,1.7395194,1.8667044,38.006,0.394289233938742,0.010374394409796926,37.49,38.498,99.78,0.955824251627883,0.00957931701370899,98.4,100.72,0.0,0.0,0.0,0.0,0.0
reruns,Cmd2,gpt-5.2,5,1.0,0.0,0.0,1.0,1.0,0.24,0.0,0.0,0.24,0.24,0.0,0.0,0.0,0.0,0.0,1.0,0.0,0.0,1.0,1.0,0.0,0.0,0.0,0.0,0.0,0.0,0.0,0.0,0.0,0.0,0.0,0.0,0.0,0.0,0.0,1.7994888,0.012468753095638717,0.006929052904157401,1.783504,1.8145958,38.187999999999995,0.2890259503920026,0.007568501895674102,37.762,38.474,99.4,1.3564659966250536,0.013646539201459291,97.4,100.8,0.0,0.0,0.0,0.0,0.0
reruns,Cmd2,gemini-3-pro-preview,5,0.5455,0.0,0.0,0.5455,0.5455,0.4,0.0,0.0,0.4,0.4,0.0,0.0,0.0,0.0,0.0,1.0,0.0,0.0,1.0,1.0,1.0,0.0,0.0,1.0,1.0,0.0,0.0,0.0,0.0,0.0,0.0,0.0,0.0,0.0,0.0,1.7750986,0.03310005583439396,0.01864688295872351,1.7295018,1.8139496,37.858,0.30902427089146406,0.008162720452518995,37.486,38.202,99.46,1.4277254638059793,0.01435477039821013,97.56,101.0,0.0,0.0,0.0,0.0,0.0
reruns,Cmd2,claude-4.5-sonnet,5,0.7273,0.0,0.0,0.7273,0.7273,0.4,0.0,0.0,0.4,0.4,0.0,0.0,0.0,0.0,0.0,1.0,0.0,0.0,1.0,1.0,1.0,0.0,0.0,1.0,1.0,0.0,0.0,0.0,0.0,0.0,0.0,0.0,0.0,0.0,0.0,1.7671052,0.029369068214024078,0.016619875383776857,1.7222884,1.7914109999999999,37.87,0.43510918170041,0.011489547972020333,37.384,38.458,99.18,1.8137254478007425,0.01828720959670037,96.6,100.98,0.0,0.0,0.0,0.0,0.0
reruns,Dataset,gpt-5.2,5,0.6364,0.0,0.0,0.6364,0.6364,0.6522,0.0,0.0,0.6522,0.6522,0.7005,0.0,0.0,0.7005,0.7005,1.0,0.0,0.0,1.0,1.0,1.0,0.0,0.0,1.0,1.0,0.0,0.0,0.0,0.0,0.0,0.0,0.0,0.0,0.0,0.0,1.7788594,0.03786710002944504,0.021287292311829163,1.7376488,1.8312628,36.252,0.3676628890709531,0.010141864974924227,35.704,36.598,98.46,1.5486768546084753,0.0157289950701653,96.38,100.0,0.0,0.0,0.0,0.0,0.0
reruns,Dataset,gemini-3-pro-preview,5,0.0,0.0,0.0,0.0,0.0,0.655,0.0,0.0,0.655,0.655,0.7084,0.0,0.0,0.7084,0.7084,1.0,0.0,0.0,1.0,1.0,1.0,0.0,0.0,1.0,1.0,0.0,0.0,0.0,0.0,0.0,0.0,0.0,0.0,0.0,0.0,1.747595,0.09354965680321875,0.05353051296394116,1.6704112,1.8907176,36.176,0.41049238726193144,0.01134709164257882,35.73,36.738,99.12,1.5689486925964145,0.015828780191650668,97.54,101.42,0.0,0.0,0.0,0.0,0.0
reruns,Dataset,claude-4.5-sonnet,5,0.5455,0.0,0.0,0.5455,0.5455,0.6607,0.0,0.0,0.6607,0.6607,0.724,0.0,0.0,0.724,0.724,1.0,0.0,0.0,1.0,1.0,1.0,0.0,0.0,1.0,1.0,0.0,0.0,0.0,0.0,0.0,0.0,0.0,0.0,0.0,0.0,1.808775,0.07336240766223533,0.04055916720555919,1.7353994,1.9178594,36.002,0.388144303062662,0.010781187241338313,35.440000000000005,36.388,99.46,1.2955307792561324,0.013025646282486753,98.11999999999999,101.0,0.0,0.0,0.0,0.0,0.0
reruns,Dateutil,gpt-5.2,5,0.0,0.0,0.0,0.0,0.0,0.4,0.0,0.0,0.4,0.4,0.0,0.0,0.0,0.0,0.0,1.0,0.0,0.0,1.0,1.0,1.0,0.0,0.0,1.0,1.0,0.0,0.0,0.0,0.0,0.0,0.0,0.0,0.0,0.0,0.0,1.7062888,0.05242850277625716,0.030726628913145978,1.6631942,1.7867396,35.568,0.36809781308777245,0.010349128798014296,35.228,36.048,98.02,0.8726969691708584,0.008903254123350933,97.02,99.0,0.0,0.0,0.0,0.0,0.0
reruns,Dateutil,gemini-3-pro-preview,5,0.0,0.0,0.0,0.0,0.0,0.4,0.0,0.0,0.4,0.4,0.0,0.0,0.0,0.0,0.0,1.0,0.0,0.0,1.0,1.0,1.0,0.0,0.0,1.0,1.0,0.0,0.0,0.0,0.0,0.0,0.0,0.0,0.0,0.0,0.0,1.720447,0.0268540867131988,0.015608784643292586,1.6930298,1.7561913999999998,35.89,0.47328638264797057,0.013187137995206759,35.292,36.444,99.24,1.410815367083871,0.014216196766262304,97.36,100.8,0.0,0.0,0.0,0.0,0.0
reruns,Dateutil,claude-4.5-sonnet,5,0.0,0.0,0.0,0.0,0.0,0.3733,0.0,0.0,0.3733,0.3733,0.0,0.0,0.0,0.0,0.0,1.0,0.0,0.0,1.0,1.0,0.8333,0.0,0.0,0.8333,0.8333,0.0,0.0,0.0,0.0,0.0,0.0,0.0,0.0,0.0,0.0,1.7389071999999999,0.05506311247432348,0.03166535423760594,1.6835882,1.8094392,35.96,0.3684562389212601,0.010246280281458846,35.584,36.494,100.38,0.9887365675446638,0.009849935918954611,99.2,101.72,0.0,0.0,0.0,0.0,0.0
reruns,Fail2ban,gpt-5.2,5,0.3333,0.0,0.0,0.3333,0.3333,0.57456,0.0007445804187594457,0.0012959141234326194,0.57352,0.57534,0.0,0.0,0.0,0.0,0.0,1.0,0.0,0.0,1.0,1.0,0.6,0.0,0.0,0.6,0.6,1.0,0.0,0.0,1.0,1.0,0.988,0.0060639920844275655,0.006137643810149358,0.9796,0.99426,1.4634114,0.013966324865189172,0.009543676416070814,1.449182,1.4840242000000001,33.082,0.21535087647836498,0.006509608744282842,32.902,33.382,85.26,1.0669582934679327,0.01251417186802642,84.16,86.74000000000001,0.0,0.0,0.0,0.0,0.0
reruns,Fail2ban,gemini-3-pro-preview,5,0.4167,0.0,0.0,0.4167,0.4167,0.575,0.0007348469228349541,0.001277994648408616,0.57406,0.57592,0.0,0.0,0.0,0.0,0.0,1.0,0.0,0.0,1.0,1.0,0.6,0.0,0.0,0.6,0.6,1.0,0.0,0.0,1.0,1.0,0.99168,0.006032710833447917,0.006083324089875683,0.9839600000000001,0.99928,1.465503,0.040743357470881085,0.027801619969990567,1.4363777999999998,1.5273186,33.15,0.20009997501248983,0.006036198341251579,32.940000000000005,33.401999999999994,84.5,1.2165525060596472,0.01439707107762896,82.83999999999999,85.96000000000001,0.0,0.0,0.0,0.0,0.0
reruns,Fail2ban,claude-4.5-sonnet,5,0.4167,0.0,0.0,0.4167,0.4167,0.57418,0.0016117071694324331,0.0028069719764401983,0.5723400000000001,0.576,0.0,0.0,0.0,0.0,0.0,1.0,0.0,0.0,1.0,1.0,0.6,0.0,0.0,0.6,0.6,1.0,0.0,0.0,1.0,1.0,0.98478,0.0135174553818387,0.013726370744571073,0.96932,1.0,1.4817022,0.03722700446396413,0.025124484841801634,1.4378402,1.5300224,33.204,0.1767031408888931,0.005321742587907876,32.98,33.4,84.98,3.6679149390355277,0.04316209624659364,79.72,88.64,0.0,0.0,0.0,0.0,0.0
reruns,Folium,gpt-5.2,5,0.25,0.0,0.0,0.25,0.25,0.336,0.0,0.0,0.336,0.336,0.0,0.0,0.0,0.0,0.0,1.0,0.0,0.0,1.0,1.0,0.6,0.0,0.0,0.6,0.6,0.0,0.0,0.0,0.0,0.0,0.0,0.0,0.0,0.0,0.0,34.154519,1.5255957609897837,0.04466746438413563,32.2767866,35.9952544,134.478,0.307467071407654,0.002286374510385743,134.012,134.696,98.74,0.5161395160225571,0.005227258618822738,98.11999999999999,99.3,0.0,0.0,0.0,0.0,0.0
reruns,Folium,gemini-3-pro-preview,5,0.8333,0.0,0.0,0.8333,0.8333,0.544,0.0,0.0,0.544,0.544,0.0,0.0,0.0,0.0,0.0,1.0,0.0,0.0,1.0,1.0,0.4,0.0,0.0,0.4,0.4,1.0,0.0,0.0,1.0,1.0,1.0,0.0,0.0,1.0,1.0,1.4830488,0.048781632893538915,0.032892803590508224,1.4369274,1.554488,33.546,0.14894294209528855,0.004439961309702753,33.416,33.77,85.84,1.8906083676954375,0.02202479459104657,82.94,87.4,0.0,0.0,0.0,0.0,0.0
reruns,Folium,claude-4.5-sonnet,5,0.0833,0.0,0.0,0.0833,0.0833,0.24,0.0,0.0,0.24,0.24,0.0,0.0,0.0,0.0,0.0,1.0,0.0,0.0,1.0,1.0,0.0,0.0,0.0,0.0,0.0,0.0,0.0,0.0,0.0,0.0,0.0,0.0,0.0,0.0,0.0,1.6026441999999999,0.018674720061087963,0.01165244291969981,1.5803973999999998,1.6248002,33.507999999999996,0.20272148381461755,0.006049942814092681,33.268,33.762,99.24,1.1253443917308183,0.011339625067823643,97.5,100.0,0.0,0.0,0.0,0.0,0.0
reruns,Glances,gpt-5.2,5,1.0,0.0,0.0,1.0,1.0,0.95334,0.0013078226179417485,0.001371832313698941,0.9520799999999999,0.95528,0.9331,0.0,0.0,0.9331,0.9331,1.0,0.0,0.0,1.0,1.0,1.0,0.0,0.0,1.0,1.0,0.83994,0.00950338886924029,0.011314366346691775,0.83024,0.8537,0.9718600000000001,0.002272091547451364,0.0023378794759032822,0.96896,0.97478,2.7486096,0.03077533436763925,0.011196691726478454,2.704181,2.7804098,50.936,0.08979977728257378,0.0017629923292479539,50.802,51.018,99.44,0.5388877434123017,0.005419225094653074,98.69999999999999,100.0,0.0,0.0,0.0,0.0,0.0
reruns,Glances,gemini-3-pro-preview,5,1.0,0.0,0.0,1.0,1.0,0.95916,0.0005678027826631271,0.000591979213752791,0.95862,0.95988,0.9471,0.0,0.0,0.9471,0.9471,1.0,0.0,0.0,1.0,1.0,1.0,0.0,0.0,1.0,1.0,0.8436,0.006311259779156634,0.007481341606397148,0.83502,0.85134,0.97468,0.004462913846356455,0.0045788503368864196,0.97094,0.98096,2.7364772,0.02054831918576312,0.007509040888688244,2.711496,2.7645636000000002,50.952,0.14579437574885928,0.0028614063382960296,50.746,51.12,98.82,0.6881860213634093,0.006964035836504851,97.94,99.5,0.0,0.0,0.0,0.0,0.0
reruns,Glances,claude-4.5-sonnet,5,1.0,0.0,0.0,1.0,1.0,0.6174999999999999,0.001609968943799837,0.002607237155951153,0.6153,0.6192599999999999,0.0,0.0,0.0,0.0,0.0,1.0,0.0,0.0,1.0,1.0,1.0,0.0,0.0,1.0,1.0,0.83946,0.013791678650548676,0.016429226705916514,0.8187599999999999,0.85146,0.97304,0.00680458668840363,0.006993121236951852,0.96566,0.98214,2.7506014,0.04608388546379298,0.01675411256018156,2.7110738000000003,2.8198706,50.978,0.07984985911070978,0.0015663591963339045,50.858,51.054,99.12,1.2623787070447603,0.012735862661872077,97.48,100.5,0.0,0.0,0.0,0.0,0.0
reruns,Humanize,gpt-5.2,5,0.9333,0.0,0.0,0.9333,0.9333,0.6945,0.0,0.0,0.6945,0.6945,0.8181,0.0,0.0,0.8181,0.8181,1.0,0.0,0.0,1.0,1.0,1.0,0.0,0.0,1.0,1.0,0.0,0.0,0.0,0.0,0.0,0.0,0.0,0.0,0.0,0.0,1.738543,0.0216651245923027,0.0124616558763877,1.7105316000000002,1.7639774000000001,35.82,0.36199447509596056,0.010105931744722517,35.312,36.147999999999996,99.32000000000001,1.4606847709208186,0.014706854318574492,98.2,101.52000000000001,0.0,0.0,0.0,0.0,0.0
reruns,Humanize,gemini-3-pro-preview,5,0.0,0.0,0.0,0.0,0.0,0.4,0.0,0.0,0.4,0.4,0.0,0.0,0.0,0.0,0.0,1.0,0.0,0.0,1.0,1.0,1.0,0.0,0.0,1.0,1.0,0.0,0.0,0.0,0.0,0.0,0.0,0.0,0.0,0.0,0.0,1.7930318,0.02363967757309729,0.013184193148775883,1.7598154,1.818203,35.446,0.23148218073968468,0.006530558617042394,35.116,35.708,99.46,0.9769339793455875,0.009822380648960261,98.3,100.8,0.0,0.0,0.0,0.0,0.0
reruns,Humanize,claude-4.5-sonnet,5,0.8,0.0,0.0,0.8,0.8,0.686,0.0,0.0,0.686,0.686,0.7944,0.0,0.0,0.7944,0.7944,1.0,0.0,0.0,1.0,1.0,1.0,0.0,0.0,1.0,1.0,0.0,0.0,0.0,0.0,0.0,0.0,0.0,0.0,0.0,0.0,1.7677826,0.042615600057256016,0.02410681045127156,1.733625,1.8330074,35.664,0.46448250774383376,0.013023847794522031,35.198,36.346000000000004,99.8,1.6161683080669544,0.016194071223115777,98.28,102.24,0.0,0.0,0.0,0.0,0.0
reruns,Imageio,gpt-5.2,5,0.7,0.0,0.0,0.7,0.7,0.4,0.0,0.0,0.4,0.4,0.0,0.0,0.0,0.0,0.0,1.0,0.0,0.0,1.0,1.0,1.0,0.0,0.0,1.0,1.0,0.0,0.0,0.0,0.0,0.0,0.0,0.0,0.0,0.0,0.0,2.0255302,0.04257551159246353,0.02101944053584762,1.9829022,2.0793548,44.752,0.22301569451498165,0.004983368218514963,44.584,45.092,98.02,1.2023310692151319,0.012266181077485533,96.58,99.68,0.0,0.0,0.0,0.0,0.0
reruns,Imageio,gemini-3-pro-preview,5,0.0,0.0,0.0,0.0,0.0,0.4,0.0,0.0,0.4,0.4,0.0,0.0,0.0,0.0,0.0,1.0,0.0,0.0,1.0,1.0,1.0,0.0,0.0,1.0,1.0,0.0,0.0,0.0,0.0,0.0,0.0,0.0,0.0,0.0,0.0,2.0395542,0.060619133634191795,0.029721756663388398,1.9808866,2.1285474,44.978,0.16833300330000764,0.0037425631041844375,44.8,45.208,99.38,1.528921188289307,0.015384596380451872,97.84,101.44,0.0,0.0,0.0,0.0,0.0
reruns,Imageio,claude-4.5-sonnet,5,0.7,0.0,0.0,0.7,0.7,0.4,0.0,0.0,0.4,0.4,0.0,0.0,0.0,0.0,0.0,1.0,0.0,0.0,1.0,1.0,1.0,0.0,0.0,1.0,1.0,0.0,0.0,0.0,0.0,0.0,0.0,0.0,0.0,0.0,0.0,2.0307358,0.026015359035769563,0.012810804357597657,2.005148,2.0688888,45.032,0.29294368059406756,0.006505233624846056,44.596000000000004,45.29,96.98,0.44899888641287405,0.004629809098916003,96.42,97.58,0.0,0.0,0.0,0.0,0.0
reruns,Lifelines,gpt-5.2,5,0.4667,0.0,0.0,0.4667,0.4667,0.4,0.0,0.0,0.4,0.4,0.0,0.0,0.0,0.0,0.0,1.0,0.0,0.0,1.0,1.0,1.0,0.0,0.0,1.0,1.0,0.0,0.0,0.0,0.0,0.0,0.0,0.0,0.0,0.0,0.0,3.0870462,0.12503723735655706,0.04050384388693537,2.9435124000000004,3.2470876,73.972,0.15612815249019463,0.002110638518496115,73.78,74.162,99.16,0.5276362383309157,0.00532105928127184,98.58,99.9,0.0,0.0,0.0,0.0,0.0
reruns,Lifelines,gemini-3-pro-preview,5,0.0,0.0,0.0,0.0,0.0,0.4,0.0,0.0,0.4,0.4,0.0,0.0,0.0,0.0,0.0,1.0,0.0,0.0,1.0,1.0,1.0,0.0,0.0,1.0,1.0,0.0,0.0,0.0,0.0,0.0,0.0,0.0,0.0,0.0,0.0,3.0804298,0.12337179232936511,0.04005018790863701,2.9643992,3.2485041999999997,74.094,0.15014659503298589,0.0020264339222202323,73.894,74.28399999999999,98.58,1.0399999999999996,0.010549807263136535,97.32000000000001,99.9,0.0,0.0,0.0,0.0,0.0
reruns,Lifelines,claude-4.5-sonnet,5,0.6,0.0,0.0,0.6,0.6,0.4,0.0,0.0,0.4,0.4,0.0,0.0,0.0,0.0,0.0,1.0,0.0,0.0,1.0,1.0,1.0,0.0,0.0,1.0,1.0,0.0,0.0,0.0,0.0,0.0,0.0,0.0,0.0,0.0,0.0,3.0500672,0.06709857872235445,0.02199904930696427,2.9627998,3.1350594,74.006,0.2934348309250302,0.003965014065414023,73.628,74.388,100.0,0.7293833011524178,0.007293833011524178,98.94,100.6,0.0,0.0,0.0,0.0,0.0
reruns,Loguru,gpt-5.2,5,0.5455,0.0,0.0,0.5455,0.5455,0.5358200000000001,0.0002227105745132182,0.00041564438526598145,0.53548,0.536,0.0,0.0,0.0,0.0,0.0,1.0,0.0,0.0,1.0,1.0,1.0,0.0,0.0,1.0,1.0,0.13192,0.001792651667223731,0.013588930163915486,0.12918,0.13324,0.9999,0.00019999999999997797,0.000200020002000178,0.9996,1.0,19.1420742,0.2619975976030321,0.01368700146418992,18.9481642,19.5422736,35.674,0.30961912085657783,0.008679125437477654,35.318,36.092,99.04,0.30066592756745963,0.0030358029843241077,98.66,99.44,0.0,0.0,0.0,0.0,0.0
reruns,Loguru,gemini-3-pro-preview,5,0.7273,0.0,0.0,0.7273,0.7273,0.60548,0.005911480356052967,0.009763295824887637,0.59634,0.6094,0.0,0.0,0.0,0.0,0.0,1.0,0.0,0.0,1.0,1.0,1.0,0.0,0.0,1.0,1.0,0.71402,0.049632062217884944,0.06951074510221694,0.63742,0.7453000000000001,0.9984,0.002059126028197402,0.0020624259096528466,0.9954,1.0,3.5552791999999998,0.27404824598263705,0.07708206038576015,3.3878648,3.9772203999999993,34.63,0.3447897910321579,0.009956390153975104,34.228,35.1,99.3,0.7641989269817121,0.0076958602918601425,98.48,100.32000000000001,0.0,0.0,0.0,0.0,0.0
reruns,Loguru,claude-4.5-sonnet,5,0.0,0.0,0.0,0.0,0.0,0.4,0.0,0.0,0.4,0.4,0.0,0.0,0.0,0.0,0.0,1.0,0.0,0.0,1.0,1.0,1.0,0.0,0.0,1.0,1.0,0.0,0.0,0.0,0.0,0.0,0.0,0.0,0.0,0.0,0.0,1.7317016,0.038648221685350516,0.022318060851448374,1.687468,1.7823141999999998,37.484,0.24556872765073207,0.006551294623058693,37.118,37.714,98.61999999999999,1.4524462124292246,0.014727704445642108,96.46,99.82,0.0,0.0,0.0,0.0,0.0
reruns,Mailpile,gpt-5.2,5,0.0,0.0,0.0,0.0,0.0,0.368,0.0,0.0,0.368,0.368,0.0,0.0,0.0,0.0,0.0,1.0,0.0,0.0,1.0,1.0,0.8,0.0,0.0,0.8,0.8,0.0,0.0,0.0,0.0,0.0,0.0,0.0,0.0,0.0,0.0,1.637788,0.08246824762294884,0.05035343257060672,1.5709756,1.7640884,33.606,0.1791758912353997,0.005331663727768842,33.39,33.79,99.4,1.7435595774162693,0.017540840819077155,97.2,101.6,0.0,0.0,0.0,0.0,0.0
reruns,Mailpile,gemini-3-pro-preview,5,0.0,0.0,0.0,0.0,0.0,0.368,0.0,0.0,0.368,0.368,0.0,0.0,0.0,0.0,0.0,1.0,0.0,0.0,1.0,1.0,0.8,0.0,0.0,0.8,0.8,0.0,0.0,0.0,0.0,0.0,0.0,0.0,0.0,0.0,0.0,1.5852976,0.03316044231068096,0.020917487234372246,1.5556458,1.6352402,33.46,0.13769531582446698,0.004115221632530394,33.354,33.666,98.03999999999999,1.7783138080777539,0.018138655733147227,96.28,100.62,0.0,0.0,0.0,0.0,0.0
reruns,Mailpile,claude-4.5-sonnet,5,0.0,0.0,0.0,0.0,0.0,0.24,0.0,0.0,0.24,0.24,0.0,0.0,0.0,0.0,0.0,1.0,0.0,0.0,1.0,1.0,0.0,0.0,0.0,0.0,0.0,0.0,0.0,0.0,0.0,0.0,0.0,0.0,0.0,0.0,0.0,1.7921766000000001,0.026158400383815502,0.01459588323149376,1.7631704,1.8297458,37.788,0.4992153843783251,0.013210950152914288,37.144,38.239999999999995,99.0,1.302305647687977,0.013154602501898758,97.08,100.0,0.0,0.0,0.0,0.0,0.0
reruns,Markdown,gpt-5.2,5,0.4737,0.0,0.0,0.4737,0.4737,0.6579,0.0,0.0,0.6579,0.6579,0.7163,0.0,0.0,0.7163,0.7163,1.0,0.0,0.0,1.0,1.0,1.0,0.0,0.0,1.0,1.0,0.0,0.0,0.0,0.0,0.0,0.0,0.0,0.0,0.0,0.0,1.7690864,0.016096872970859884,0.00909897502510894,1.7459336,1.7868920000000001,35.95,0.17999999999999883,0.00500695410292069,35.688,36.141999999999996,98.67999999999999,1.262378707044762,0.012792650051122437,97.38,100.54,0.0,0.0,0.0,0.0,0.0
reruns,Markdown,gemini-3-pro-preview,5,0.0,0.0,0.0,0.0,0.0,0.4,0.0,0.0,0.4,0.4,0.0,0.0,0.0,0.0,0.0,1.0,0.0,0.0,1.0,1.0,1.0,0.0,0.0,1.0,1.0,0.0,0.0,0.0,0.0,0.0,0.0,0.0,0.0,0.0,0.0,1.7552628,0.03843678293197801,0.02189802172756012,1.7029590000000001,1.8015096,35.64,0.5583189052862175,0.015665513616336068,35.028,36.392,98.86,1.0910545357588683,0.011036359859992599,97.38,100.0,0.0,0.0,0.0,0.0,0.0
reruns,Markdown,claude-4.5-sonnet,5,0.0,0.0,0.0,0.0,0.0,0.4,0.0,0.0,0.4,0.4,0.0,0.0,0.0,0.0,0.0,1.0,0.0,0.0,1.0,1.0,1.0,0.0,0.0,1.0,1.0,0.0,0.0,0.0,0.0,0.0,0.0,0.0,0.0,0.0,0.0,1.738861,0.02791236119714702,0.016052094559109106,1.7125476,1.7789034,35.384,0.22366045694310766,0.006320948930112697,35.098,35.636,99.26,1.0707007051459363,0.010786829590428534,98.11999999999999,100.72,0.0,0.0,0.0,0.0,0.0
reruns,Mitmproxy,gpt-5.2,5,0.4545,0.0,0.0,0.4545,0.4545,0.49066,0.001348480626483016,0.0027482994873904865,0.48888,0.49238000000000004,0.0,0.0,0.0,0.0,0.0,1.0,0.0,0.0,1.0,1.0,0.2,0.0,0.0,0.2,0.2,0.83858,0.008794179893543237,0.010486989784568242,0.8263199999999999,0.84878,0.98358,0.005139416309270937,0.0052252143285456566,0.9761799999999999,0.9888399999999999,1.5188744,0.016016996854591684,0.010545307007999926,1.5004732,1.5413192,33.3,0.06603029607687735,0.001982891774080401,33.204,33.370000000000005,99.48,0.9907572861200674,0.009959361541214991,98.7,100.96000000000001,0.0,0.0,0.0,0.0,0.0
reruns,Mitmproxy,gemini-3-pro-preview,5,0.7273,0.0,0.0,0.7273,0.7273,0.52328,0.0007884161337770735,0.0015066811912877876,0.52218,0.5242,0.0,0.0,0.0,0.0,0.0,1.0,0.0,0.0,1.0,1.0,0.4,0.0,0.0,0.4,0.4,0.8316,0.005195382565317043,0.006247453782247527,0.82548,0.83846,0.9958400000000001,0.001971395444856262,0.001979630708604055,0.99286,0.9969,1.5314358,0.009530731984480472,0.006223396360774949,1.5188856,1.5427107999999998,32.961999999999996,0.07082372483850269,0.0021486476803137763,32.868,33.041999999999994,97.88,0.41182520563948116,0.004207449996316726,97.61999999999999,98.5,0.0,0.0,0.0,0.0,0.0
reruns,Mitmproxy,claude-4.5-sonnet,5,0.7273,0.0,0.0,0.7273,0.7273,0.52054,0.0012753038853543985,0.0024499632791992903,0.51916,0.52208,0.0,0.0,0.0,0.0,0.0,1.0,0.0,0.0,1.0,1.0,0.4,0.0,0.0,0.4,0.4,0.8285,0.0046212552407327735,0.0055778578644933895,0.8248,0.8355400000000001,0.9763200000000001,0.008624708690732683,0.008833895332199158,0.96782,0.9888,1.5371814,0.0085038592086182,0.005532111700426638,1.5242334,1.5440274,33.298,0.13847743498490966,0.004158731304730304,33.09,33.416,101.0,1.4240786495134339,0.0140997886090439,99.03999999999999,102.48,0.0,0.0,0.0,0.0,0.0
reruns,Mutagen,gpt-5.2,5,0.0,0.0,0.0,0.0,0.0,0.4,0.0,0.0,0.4,0.4,0.0,0.0,0.0,0.0,0.0,1.0,0.0,0.0,1.0,1.0,1.0,0.0,0.0,1.0,1.0,0.0,0.0,0.0,0.0,0.0,0.0,0.0,0.0,0.0,0.0,1.7473044,0.007767745042159909,0.004445559137926917,1.7387658,1.7570538,35.894,0.4890235168169316,0.013624101989662107,35.431999999999995,36.542,98.32000000000001,1.5104966070799353,0.01536306557241594,96.4,100.0,0.0,0.0,0.0,0.0,0.0
reruns,Mutagen,gemini-3-pro-preview,5,0.6667,0.0,0.0,0.6667,0.6667,0.28,0.0,0.0,0.28,0.28,0.0,0.0,0.0,0.0,0.0,0.5,0.0,0.0,0.5,0.5,1.0,0.0,0.0,1.0,1.0,0.0,0.0,0.0,0.0,0.0,0.0,0.0,0.0,0.0,0.0,1.7976346,0.03404634225052676,0.018939523221530537,1.749206,1.8350576,35.891999999999996,0.20836506425022333,0.005805334454759371,35.582,36.092,97.68,0.7626270385975057,0.007807402115044079,96.52,98.28,0.0,0.0,0.0,0.0,0.0
reruns,Mutagen,claude-4.5-sonnet,5,0.8333,0.0,0.0,0.8333,0.8333,0.4,0.0,0.0,0.4,0.4,0.0,0.0,0.0,0.0,0.0,1.0,0.0,0.0,1.0,1.0,1.0,0.0,0.0,1.0,1.0,0.0,0.0,0.0,0.0,0.0,0.0,0.0,0.0,0.0,0.0,1.7562956,0.08792954993311405,0.05006534773139217,1.6801438,1.8877996,36.135999999999996,0.5946629297341489,0.01645624667185491,35.349999999999994,36.724000000000004,98.92,0.842377587546105,0.008515745931521481,97.72,99.82,0.0,0.0,0.0,0.0,0.0
reruns,Pendulum,gpt-5.2,5,0.0769,0.0,0.0,0.0769,0.0769,0.7595,0.0,0.0,0.7595,0.7595,0.9986,0.0,0.0,0.9986,0.9986,1.0,0.0,0.0,1.0,1.0,1.0,0.0,0.0,1.0,1.0,0.0,0.0,0.0,0.0,0.0,0.0,0.0,0.0,0.0,0.0,1.7015204,0.04714456219162503,0.0277073152879184,1.6669688,1.7743994,35.598,0.5413834131186506,0.015208253641177892,34.948,36.238,99.66,1.7385051049680595,0.017444361880072843,97.03999999999999,101.0,0.0,0.0,0.0,0.0,0.0
reruns,Pendulum,gemini-3-pro-preview,5,0.5385,0.0,0.0,0.5385,0.5385,0.7596,0.0,0.0,0.7596,0.7596,0.999,0.0,0.0,0.999,0.999,1.0,0.0,0.0,1.0,1.0,1.0,0.0,0.0,1.0,1.0,0.0,0.0,0.0,0.0,0.0,0.0,0.0,0.0,0.0,0.0,1.657683,0.010525323747989897,0.00634941888647582,1.6457486,1.6703122,35.82,0.23400854685245942,0.006532901922179213,35.494,36.08,98.82,1.1530828244319666,0.011668516741873778,97.22,100.0,0.0,0.0,0.0,0.0,0.0
reruns,Pendulum,claude-4.5-sonnet,5,0.0,0.0,0.0,0.0,0.0,0.5993,0.0,0.0,0.5993,0.5993,0.9982,0.0,0.0,0.9982,0.9982,1.0,0.0,0.0,1.0,1.0,0.0,0.0,0.0,0.0,0.0,0.0,0.0,0.0,0.0,0.0,0.0,0.0,0.0,0.0,0.0,1.6923968,0.03669876434105107,0.02168449168720425,1.6514592,1.742129,35.516,0.3946948188157537,0.011113155164313371,35.012,35.976,98.1,1.0620734437881398,0.010826436735862793,97.04,99.64,0.0,0.0,0.0,0.0,0.0
reruns,Petl,gpt-5.2,5,0.4167,0.0,0.0,0.4167,0.4167,0.4,0.0,0.0,0.4,0.4,0.0,0.0,0.0,0.0,0.0,1.0,0.0,0.0,1.0,1.0,1.0,0.0,0.0,1.0,1.0,0.0,0.0,0.0,0.0,0.0,0.0,0.0,0.0,0.0,0.0,1.7399884,0.0781889769842271,0.04493649324571767,1.679967,1.8598926,36.008,0.4296696405379374,0.011932616100253758,35.396,36.476,98.04,1.0365326815879903,0.010572548771807326,96.60000000000001,99.1,0.0,0.0,0.0,0.0,0.0
reruns,Petl,gemini-3-pro-preview,5,0.5,0.0,0.0,0.5,0.5,0.4,0.0,0.0,0.4,0.4,0.0,0.0,0.0,0.0,0.0,1.0,0.0,0.0,1.0,1.0,1.0,0.0,0.0,1.0,1.0,0.0,0.0,0.0,0.0,0.0,0.0,0.0,0.0,0.0,0.0,1.7597998,0.08179437380749362,0.046479363054532465,1.6619089999999999,1.8600424,36.044000000000004,0.40494937955255683,0.011234862377997912,35.518,36.542,98.64,0.9393614852653904,0.009523129412666163,97.36,99.74000000000001,0.0,0.0,0.0,0.0,0.0
reruns,Petl,claude-4.5-sonnet,5,0.4167,0.0,0.0,0.4167,0.4167,0.4,0.0,0.0,0.4,0.4,0.0,0.0,0.0,0.0,0.0,1.0,0.0,0.0,1.0,1.0,1.0,0.0,0.0,1.0,1.0,0.0,0.0,0.0,0.0,0.0,0.0,0.0,0.0,0.0,0.0,1.715548,0.05703362087400729,0.033245132677142984,1.6728636000000001,1.8031444,35.746,0.28288513569998736,0.007913756383930715,35.49,36.150000000000006,99.66,1.5134067529914081,0.015185698906195146,98.02,101.69999999999999,0.0,0.0,0.0,0.0,0.0
reruns,Pygments,gpt-5.2,5,0.0,0.0,0.0,0.0,0.0,0.4,0.0,0.0,0.4,0.4,0.0,0.0,0.0,0.0,0.0,1.0,0.0,0.0,1.0,1.0,1.0,0.0,0.0,1.0,1.0,0.0,0.0,0.0,0.0,0.0,0.0,0.0,0.0,0.0,0.0,1.6912526,0.03311535382628429,0.019580371274098434,1.663476,1.7414508,35.74,0.24625190354594284,0.00689009243273483,35.47,36.064,99.03999999999999,2.662029301115971,0.02687832493049244,95.54,102.47999999999999,0.0,0.0,0.0,0.0,0.0
reruns,Pygments,gemini-3-pro-preview,5,0.0,0.0,0.0,0.0,0.0,0.0,0.0,0.0,0.0,0.0,0.0,0.0,0.0,0.0,0.0,0.0,0.0,0.0,0.0,0.0,0.0,0.0,0.0,0.0,0.0,0.0,0.0,0.0,0.0,0.0,0.0,0.0,0.0,0.0,0.0,0.4084296,0.01338839738878406,0.03278018387693757,0.3928962,0.4272682,13.975999999999999,0.14582180906846523,0.010433729899002951,13.822000000000001,14.177999999999999,102.04,5.379070551684556,0.05271531312901368,95.78,109.46,0.0,0.0,0.0,0.0,0.0
reruns,Pygments,claude-4.5-sonnet,5,0.0,0.0,0.0,0.0,0.0,0.0,0.0,0.0,0.0,0.0,0.0,0.0,0.0,0.0,0.0,0.0,0.0,0.0,0.0,0.0,0.0,0.0,0.0,0.0,0.0,0.0,0.0,0.0,0.0,0.0,0.0,0.0,0.0,0.0,0.0,0.3910676,0.033546608726367555,0.08578212239103304,0.3667548,0.442665,14.058,0.09195651146058127,0.006541222895190018,13.932,14.158,99.04,3.8416663051337494,0.038789037814355304,94.82000000000001,104.28,0.0,0.0,0.0,0.0,0.0
reruns,PyJWT,gpt-5.2,5,0.5455,0.0,0.0,0.5455,0.5455,0.7087,0.0,0.0,0.7087,0.7087,0.8576,0.0,0.0,0.8576,0.8576,1.0,0.0,0.0,1.0,1.0,1.0,0.0,0.0,1.0,1.0,0.0,0.0,0.0,0.0,0.0,0.0,0.0,0.0,0.0,0.0,1.6823824,0.021884821156226072,0.01300823234731062,1.6564704,1.7123072,35.316,0.3294601645115836,0.009328920730308743,34.85,35.698,98.5,1.5899685531481405,0.016141812722316146,96.56,100.67999999999999,0.0,0.0,0.0,0.0,0.0
reruns,PyJWT,gemini-3-pro-preview,5,0.5455,0.0,0.0,0.5455,0.5455,0.7108,0.0,0.0,0.7108,0.7108,0.8633,0.0,0.0,0.8633,0.8633,1.0,0.0,0.0,1.0,1.0,1.0,0.0,0.0,1.0,1.0,0.0,0.0,0.0,0.0,0.0,0.0,0.0,0.0,0.0,0.0,1.6825478,0.04740875229912722,0.028176764011772635,1.6496438,1.7554014,35.306,0.4136471926654396,0.011716059385527661,34.996,35.928,99.2,0.7483314773547883,0.007543664086237785,98.2,100.0,0.0,0.0,0.0,0.0,0.0
reruns,PyJWT,claude-4.5-sonnet,5,0.5455,0.0,0.0,0.5455,0.5455,0.7079,0.0,0.0,0.7079,0.7079,0.8553,0.0,0.0,0.8553,0.8553,1.0,0.0,0.0,1.0,1.0,1.0,0.0,0.0,1.0,1.0,0.0,0.0,0.0,0.0,0.0,0.0,0.0,0.0,0.0,0.0,1.7184074,0.038510938059725344,0.022410831133365314,1.6649876,1.7628144,35.846000000000004,0.2824606167238183,0.007879836431507511,35.47,36.182,99.62,1.7599999999999991,0.01766713511343103,97.2,101.08,0.0,0.0,0.0,0.0,0.0
reruns,PyPDF,gpt-5.2,5,0.0,0.0,0.0,0.0,0.0,0.4,0.0,0.0,0.4,0.4,0.0,0.0,0.0,0.0,0.0,1.0,0.0,0.0,1.0,1.0,1.0,0.0,0.0,1.0,1.0,0.0,0.0,0.0,0.0,0.0,0.0,0.0,0.0,0.0,0.0,1.6906302,0.0445761714883636,0.026366600743535515,1.6420772,1.7541948,35.636,0.30604574821421526,0.008588106078522147,35.286,36.038,99.8,2.315167380558045,0.02319806994547139,97.0,102.0,0.0,0.0,0.0,0.0,0.0
reruns,PyPDF,gemini-3-pro-preview,5,0.0,0.0,0.0,0.0,0.0,0.4,0.0,0.0,0.4,0.4,0.0,0.0,0.0,0.0,0.0,1.0,0.0,0.0,1.0,1.0,1.0,0.0,0.0,1.0,1.0,0.0,0.0,0.0,0.0,0.0,0.0,0.0,0.0,0.0,0.0,1.7010964,0.029022859883891545,0.017061267006321067,1.6731934,1.7431322,35.466,0.3181571938523456,0.00897076619444949,35.042,35.855999999999995,97.42,0.874985714169095,0.008981581956159874,96.48,98.66,0.0,0.0,0.0,0.0,0.0
reruns,PyPDF,claude-4.5-sonnet,5,0.0833,0.0,0.0,0.0833,0.0833,0.4,0.0,0.0,0.4,0.4,0.0,0.0,0.0,0.0,0.0,1.0,0.0,0.0,1.0,1.0,1.0,0.0,0.0,1.0,1.0,0.0,0.0,0.0,0.0,0.0,0.0,0.0,0.0,0.0,0.0,1.683013,0.009553548199491117,0.005676455380612696,1.67351,1.696738,35.589999999999996,0.15112908389850072,0.0042463917925962555,35.44,35.802,99.0,0.8944271909999159,0.00903461809090824,98.0,100.0,0.0,0.0,0.0,0.0,0.0
reruns,Requests,gpt-5.2,5,0.1,0.0,0.0,0.1,0.1,0.52,0.0,0.0,0.52,0.52,0.0,0.0,0.0,0.0,0.0,1.0,0.0,0.0,1.0,1.0,1.0,0.0,0.0,1.0,1.0,1.0,0.0,0.0,1.0,1.0,0.0,0.0,0.0,0.0,0.0,1.3613662,0.01520791408970998,0.0111710677771418,1.3397244,1.3774975999999999,36.89,0.21175457492106134,0.005740161965873173,36.718,37.21,73.94,0.5425863986500234,0.007338198521098505,73.19999999999999,74.56,0.0,0.0,0.0,0.0,0.0
reruns,Requests,gemini-3-pro-preview,5,1.0,0.0,0.0,1.0,1.0,0.6066,0.006882732015704195,0.01134640952143784,0.5985400000000001,0.6148,0.0,0.0,0.0,0.0,0.0,1.0,0.0,0.0,1.0,1.0,1.0,0.0,0.0,1.0,1.0,0.86332,0.04317732738370918,0.05001312072430753,0.8145,0.92438,0.85846,0.03769931564365594,0.04391505212083957,0.82512,0.91576,2.2925618,0.11156300755250363,0.04866303170213498,2.1382292,2.4246106,42.484,0.10051865498503289,0.002366035565978554,42.406,42.638,90.6,8.34433939865823,0.09210087636488112,77.98,98.36,0.0,0.0,0.0,0.0,0.0
reruns,Requests,claude-4.5-sonnet,5,0.0,0.0,0.0,0.0,0.0,0.24,0.0,0.0,0.24,0.24,0.0,0.0,0.0,0.0,0.0,1.0,0.0,0.0,1.0,1.0,0.0,0.0,0.0,0.0,0.0,0.0,0.0,0.0,0.0,0.0,0.0,0.0,0.0,0.0,0.0,1.6452039999999999,0.038387113592975426,0.023332737820340475,1.6146842000000001,1.7036158,39.884,0.3909782602651957,0.0098028848727609,39.298,40.262,98.74,1.1774548823628013,0.011924801320263332,97.0,99.82,0.0,0.0,0.0,0.0,0.0
reruns,Rich,gpt-5.2,5,0.0,0.0,0.0,0.0,0.0,0.4,0.0,0.0,0.4,0.4,0.0,0.0,0.0,0.0,0.0,1.0,0.0,0.0,1.0,1.0,1.0,0.0,0.0,1.0,1.0,0.0,0.0,0.0,0.0,0.0,0.0,0.0,0.0,0.0,0.0,1.6740186,0.050529112850316305,0.030184319845858527,1.6423071999999999,1.75075,37.616,0.5452192219648891,0.014494343416761197,37.09,38.326,98.8,0.7483314773547883,0.007574205236384498,98.0,99.8,0.0,0.0,0.0,0.0,0.0
reruns,Rich,gemini-3-pro-preview,5,0.0,0.0,0.0,0.0,0.0,0.4,0.0,0.0,0.4,0.4,0.0,0.0,0.0,0.0,0.0,1.0,0.0,0.0,1.0,1.0,1.0,0.0,0.0,1.0,1.0,0.0,0.0,0.0,0.0,0.0,0.0,0.0,0.0,0.0,0.0,1.595736,0.14856127612402908,0.09309890616244108,1.4855516,1.8241084,33.542,0.2679850742112339,0.007989537720208512,33.134,33.716,98.38000000000001,2.6738735946188616,0.027179036334812577,95.10000000000001,101.76,0.0,0.0,0.0,0.0,0.0
reruns,Rich,claude-4.5-sonnet,5,0.0,0.0,0.0,0.0,0.0,0.4,0.0,0.0,0.4,0.4,0.0,0.0,0.0,0.0,0.0,1.0,0.0,0.0,1.0,1.0,1.0,0.0,0.0,1.0,1.0,0.0,0.0,0.0,0.0,0.0,0.0,0.0,0.0,0.0,0.0,1.5545904,0.05478765507155783,0.03524250186515871,1.50698,1.6329604,34.513999999999996,0.16304600577751152,0.004724054174465768,34.378,34.764,100.22,1.0777754868245981,0.010754095857359789,99.12,101.76,0.0,0.0,0.0,0.0,0.0
reruns,Schedule,gpt-5.2,5,0.5,0.0,0.0,0.5,0.5,0.654,0.0,0.0,0.654,0.654,0.7055,0.0,0.0,0.7055,0.7055,1.0,0.0,0.0,1.0,1.0,1.0,0.0,0.0,1.0,1.0,0.0,0.0,0.0,0.0,0.0,0.0,0.0,0.0,0.0,0.0,1.711854,0.0790701222864869,0.046189758172418265,1.644633,1.8307761999999999,38.032000000000004,0.5177412481153102,0.013613305850739119,37.45,38.705999999999996,99.7,1.9390719429665315,0.019449066629553976,97.6,102.4,0.0,0.0,0.0,0.0,0.0
reruns,Schedule,gemini-3-pro-preview,5,0.0,0.0,0.0,0.0,0.0,0.4,0.0,0.0,0.4,0.4,0.0,0.0,0.0,0.0,0.0,1.0,0.0,0.0,1.0,1.0,1.0,0.0,0.0,1.0,1.0,0.0,0.0,0.0,0.0,0.0,0.0,0.0,0.0,0.0,0.0,1.6992514,0.05101709460014358,0.030023276485247313,1.6400518000000002,1.7672350000000001,38.264,0.26333248945012605,0.006881990629576783,37.952,38.632000000000005,100.6,1.019803902718557,0.010137215732788838,99.2,101.8,0.0,0.0,0.0,0.0,0.0
reruns,Schedule,claude-4.5-sonnet,5,0.9167,0.0,0.0,0.9167,0.9167,0.6512,0.0,0.0,0.6512,0.6512,0.6978,0.0,0.0,0.6978,0.6978,1.0,0.0,0.0,1.0,1.0,1.0,0.0,0.0,1.0,1.0,0.0,0.0,0.0,0.0,0.0,0.0,0.0,0.0,0.0,0.0,1.6971624,0.026829083045083787,0.01580820023180091,1.6655486,1.7343048,38.28,0.4595214902482802,0.012004218658523516,37.676,38.75,100.42,0.9927738916792701,0.009886216806206632,99.28,101.8,0.0,0.0,0.0,0.0,0.0
reruns,Slugify,gpt-5.2,5,0.9167,0.0,0.0,0.9167,0.9167,0.5969,0.0,0.0,0.5969,0.5969,0.5469,0.0,0.0,0.5469,0.5469,1.0,0.0,0.0,1.0,1.0,1.0,0.0,0.0,1.0,1.0,0.0,0.0,0.0,0.0,0.0,0.0,0.0,0.0,0.0,0.0,1.6828078,0.019247770171113367,0.011437889800078992,1.6611562,1.7100182000000002,35.782,0.21775215268740936,0.006085522125297897,35.564,36.06,100.2,1.3870832707519727,0.013843146414690345,98.32000000000001,101.88,0.0,0.0,0.0,0.0,0.0
reruns,Slugify,gemini-3-pro-preview,5,0.9167,0.0,0.0,0.9167,0.9167,0.6061,0.0,0.0,0.6061,0.6061,0.5726,0.0,0.0,0.5726,0.5726,1.0,0.0,0.0,1.0,1.0,1.0,0.0,0.0,1.0,1.0,0.0,0.0,0.0,0.0,0.0,0.0,0.0,0.0,0.0,0.0,1.8462598,0.31573075301807385,0.1710110099445776,1.636655,2.3340883999999997,35.688,0.4613198456602527,0.012926469560083295,35.082,36.198,98.8,0.9797958971132712,0.009916962521389384,98.0,100.0,0.0,0.0,0.0,0.0,0.0
reruns,Slugify,claude-4.5-sonnet,5,0.9167,0.0,0.0,0.9167,0.9167,0.6064,0.0,0.0,0.6064,0.6064,0.5733,0.0,0.0,0.5733,0.5733,1.0,0.0,0.0,1.0,1.0,1.0,0.0,0.0,1.0,1.0,0.0,0.0,0.0,0.0,0.0,0.0,0.0,0.0,0.0,0.0,1.685571,0.02568897453772731,0.015240517627395886,1.6549884,1.7177008,35.578,0.5072829585152657,0.01425833263576552,34.962,36.152,98.84,1.86075253593808,0.018825905867443142,95.96000000000001,100.0,0.0,0.0,0.0,0.0,0.0
reruns,Sqlmap,gpt-5.2,5,1.0,0.0,0.0,1.0,1.0,0.5524,0.0003521363372332108,0.0006374662151216705,0.5519799999999999,0.55288,0.0,0.0,0.0,0.0,0.0,1.0,0.0,0.0,1.0,1.0,0.6,0.0,0.0,0.6,0.6,1.0,0.0,0.0,1.0,1.0,0.8033,0.0028879058156387333,0.0035950526772547406,0.80004,0.80738,1.5542204,0.03312429803392067,0.021312484403061927,1.5159204,1.5970608000000002,33.274,0.21067510531621844,0.006331523270908771,33.112,33.596,83.96000000000001,0.5885575587824877,0.007009975688214479,83.14,84.64,0.0,0.0,0.0,0.0,0.0
reruns,Sqlmap,gemini-3-pro-preview,5,0.6667,0.0,0.0,0.6667,0.6667,0.55194,0.0014192955999368215,0.0025714671883480477,0.5502,0.55372,0.0,0.0,0.0,0.0,0.0,1.0,0.0,0.0,1.0,1.0,0.6,0.0,0.0,0.6,0.6,1.0,0.0,0.0,1.0,1.0,0.79944,0.01182668169859998,0.014793707718653033,0.78506,0.8143199999999999,1.5262152,0.0524771437690734,0.03438384296596797,1.4843512,1.6061214,33.358,0.20113676938839337,0.006029641147202871,33.118,33.608,84.92,2.733056896590337,0.032183901278736896,81.28,88.22,0.0,0.0,0.0,0.0,0.0
reruns,Sqlmap,claude-4.5-sonnet,5,0.4444,0.0,0.0,0.4444,0.4444,0.304,0.0,0.0,0.304,0.304,0.0,0.0,0.0,0.0,0.0,1.0,0.0,0.0,1.0,1.0,0.4,0.0,0.0,0.4,0.4,0.0,0.0,0.0,0.0,0.0,0.0,0.0,0.0,0.0,0.0,1.6720346,0.021874957029443552,0.013082837537837766,1.6458636,1.7018242000000001,33.626,0.22535305633605213,0.0067017503222521905,33.413999999999994,33.906,89.74000000000001,1.4947909552843845,0.016656908349502834,87.72,91.5,0.0,0.0,0.0,0.0,0.0
reruns,SQLModel,gpt-5.2,5,0.0,0.0,0.0,0.0,0.0,0.681,0.0,0.0,0.681,0.681,0.7806,0.0,0.0,0.7806,0.7806,1.0,0.0,0.0,1.0,1.0,1.0,0.0,0.0,1.0,1.0,0.0,0.0,0.0,0.0,0.0,0.0,0.0,0.0,0.0,0.0,1.6906712,0.008614987368533951,0.005095601893812322,1.6784038000000001,1.6999066,37.92,0.17401149387325168,0.004588910703408536,37.744,38.168,99.02,1.0419213022104914,0.010522331874474766,98.02,100.54,0.0,0.0,0.0,0.0,0.0
reruns,SQLModel,gemini-3-pro-preview,5,0.0,0.0,0.0,0.0,0.0,0.7274,0.0,0.0,0.7274,0.7274,0.9094,0.0,0.0,0.9094,0.9094,1.0,0.0,0.0,1.0,1.0,1.0,0.0,0.0,1.0,1.0,0.0,0.0,0.0,0.0,0.0,0.0,0.0,0.0,0.0,0.0,1.7053064,0.020848436896803546,0.01222562519955566,1.6750624,1.72656,37.682,0.3881443030626637,0.010300522877306503,37.418,38.274,99.08,0.8059776671843941,0.008134615131049598,98.2,100.0,0.0,0.0,0.0,0.0,0.0
reruns,SQLModel,claude-4.5-sonnet,5,0.0,0.0,0.0,0.0,0.0,0.7066,0.0,0.0,0.7066,0.7066,0.8515,0.0,0.0,0.8515,0.8515,1.0,0.0,0.0,1.0,1.0,1.0,0.0,0.0,1.0,1.0,0.0,0.0,0.0,0.0,0.0,0.0,0.0,0.0,0.0,0.0,1.7135766,0.02604374603316503,0.015198472033969786,1.6905762,1.753261,38.472,0.14675149062275247,0.003814501211861938,38.272,38.652,99.24,1.2611106216347594,0.012707684619455456,97.5,100.72,0.0,0.0,0.0,0.0,0.0
reruns,Stegano,gpt-5.2,5,0.6667,0.0,0.0,0.6667,0.6667,0.71876,0.0011001818031580396,0.0015306664299043348,0.71732,0.72018,0.5566,0.0,0.0,0.5566,0.5566,1.0,0.0,0.0,1.0,1.0,1.0,0.0,0.0,1.0,1.0,0.0,0.0,0.0,0.0,0.0,0.98664,0.009031633296364512,0.009153929798472099,0.9748,0.99826,1.7558175999999999,0.04423714535817156,0.025194613243523453,1.7095846,1.8175762,36.672,0.19893717601293043,0.005424770288310713,36.474000000000004,36.967999999999996,99.02,1.93018133863117,0.0194928432501633,96.5,101.52000000000001,0.0,0.0,0.0,0.0,0.0
reruns,Stegano,gemini-3-pro-preview,5,0.9167,0.0,0.0,0.9167,0.9167,0.72776,0.0007310266752998963,0.0010044886711277018,0.72674,0.7285,0.5835,0.0,0.0,0.5835,0.5835,1.0,0.0,0.0,1.0,1.0,1.0,0.0,0.0,1.0,1.0,0.0,0.0,0.0,0.0,0.0,0.98102,0.005992795674808222,0.006108739551495609,0.97272,0.9873000000000001,1.6903894,0.01725210734490141,0.010205995934961146,1.6644999999999999,1.7071374,36.242,0.177921330930273,0.00490925806882272,36.089999999999996,36.513999999999996,100.22,1.2496399481450644,0.012468967752395374,98.92,101.96000000000001,0.0,0.0,0.0,0.0,0.0
reruns,Stegano,claude-4.5-sonnet,5,0.9167,0.0,0.0,0.9167,0.9167,0.71578,0.00023999999999997355,0.0003352985554220201,0.7154200000000001,0.7159,0.5485,0.0,0.0,0.5485,0.5485,1.0,0.0,0.0,1.0,1.0,1.0,0.0,0.0,1.0,1.0,0.0,0.0,0.0,0.0,0.0,0.98622,0.0021188676221038693,0.0021484735881485565,0.98298,0.9874,1.8308108,0.024883858940284914,0.013591715179026099,1.7953542,1.8592587999999999,36.226,0.16644518617250603,0.004594633306810193,36.082,36.478,99.14,0.4317406628984562,0.00435485841132193,98.9,99.8,0.0,0.0,0.0,0.0,0.0
reruns,Tablib,gpt-5.2,5,0.4545,0.0,0.0,0.4545,0.4545,0.4,0.0,0.0,0.4,0.4,0.0,0.0,0.0,0.0,0.0,1.0,0.0,0.0,1.0,1.0,1.0,0.0,0.0,1.0,1.0,0.0,0.0,0.0,0.0,0.0,0.0,0.0,0.0,0.0,0.0,1.7099958,0.023903066099561384,0.013978435560813298,1.6784801999999999,1.734327,36.332,0.1139122469271864,0.0031353145141249147,36.233999999999995,36.502,98.4,1.4966629547095767,0.015209989377129843,97.0,100.6,0.0,0.0,0.0,0.0,0.0
reruns,Tablib,gemini-3-pro-preview,5,0.7273,0.0,0.0,0.7273,0.7273,0.4,0.0,0.0,0.4,0.4,0.0,0.0,0.0,0.0,0.0,1.0,0.0,0.0,1.0,1.0,1.0,0.0,0.0,1.0,1.0,0.0,0.0,0.0,0.0,0.0,0.0,0.0,0.0,0.0,0.0,1.7154376,0.06412554542645235,0.03738145032291023,1.6598794,1.8122584,36.284,0.25663982543635033,0.007073085256210736,35.912,36.556000000000004,100.02,0.601331855134918,0.006012116128123556,99.28,100.8,0.0,0.0,0.0,0.0,0.0
reruns,Tablib,claude-4.5-sonnet,5,0.5455,0.0,0.0,0.5455,0.5455,0.4,0.0,0.0,0.4,0.4,0.0,0.0,0.0,0.0,0.0,1.0,0.0,0.0,1.0,1.0,1.0,0.0,0.0,1.0,1.0,0.0,0.0,0.0,0.0,0.0,0.0,0.0,0.0,0.0,0.0,1.6882724,0.042000485157197925,0.024877789364558662,1.6554666,1.7529574,36.318,0.11052601503718541,0.003043284735866111,36.152,36.422,99.4,1.019803902718557,0.01025959660682653,98.2,100.8,0.0,0.0,0.0,0.0,0.0
reruns,Tabulate,gpt-5.2,5,0.8333,0.0,0.0,0.8333,0.8333,0.63942,0.0006209669878504141,0.0009711410150611713,0.63852,0.64,0.0,0.0,0.0,0.0,0.0,1.0,0.0,0.0,1.0,1.0,1.0,0.0,0.0,1.0,1.0,1.0,0.0,0.0,1.0,1.0,0.99516,0.005186752355761741,0.005211978330883215,0.98764,1.0,1.3820451999999999,0.05528243705698944,0.04000045516383215,1.3369128,1.466808,35.308,0.3075971391284387,0.008711825623893698,34.964,35.746,99.98,1.0590561835899002,0.010592680371973397,99.0,101.52000000000001,0.0,0.0,0.0,0.0,0.0
reruns,Tabulate,gemini-3-pro-preview,5,0.8333,0.0,0.0,0.8333,0.8333,0.52,0.0,0.0,0.52,0.52,0.0,0.0,0.0,0.0,0.0,1.0,0.0,0.0,1.0,1.0,1.0,0.0,0.0,1.0,1.0,1.0,0.0,0.0,1.0,1.0,0.0,0.0,0.0,0.0,0.0,1.3764932,0.04858310296142059,0.035294836880720215,1.3170060000000001,1.4305618,36.82,0.3046309242345555,0.008273517768456152,36.414,37.184,98.22,1.1320777358467915,0.011525939073984845,97.04,99.8,0.0,0.0,0.0,0.0,0.0
reruns,Tabulate,claude-4.5-sonnet,5,0.5833,0.0,0.0,0.5833,0.5833,0.63954,0.00041761226035642494,0.0006529884922857444,0.639,0.64,0.0,0.0,0.0,0.0,0.0,1.0,0.0,0.0,1.0,1.0,1.0,0.0,0.0,1.0,1.0,1.0,0.0,0.0,1.0,1.0,0.99612,0.0035521261238869216,0.0035659620566667887,0.99148,1.0,1.3678984,0.06897278793437306,0.05042244945558314,1.3255628,1.4732748,35.467999999999996,0.02925747767665754,0.0008248978706624998,35.44,35.510000000000005,99.58,0.9927738916792701,0.009969611284186284,98.2,100.72,0.0,0.0,0.0,0.0,0.0
reruns,Termgraph,gpt-5.2,5,0.0,0.0,0.0,0.0,0.0,0.6338,0.0,0.0,0.6338,0.6338,0.6495,0.0,0.0,0.6495,0.6495,1.0,0.0,0.0,1.0,1.0,1.0,0.0,0.0,1.0,1.0,0.0,0.0,0.0,0.0,0.0,0.0,0.0,0.0,0.0,0.0,1.6971266,0.02551873229296465,0.01503643410748771,1.6633828000000002,1.7257124,35.394,0.46344794745472734,0.013093969244920817,35.006,36.102,98.98,1.3862178760930781,0.01400503006762051,97.2,100.72,0.0,0.0,0.0,0.0,0.0
reruns,Termgraph,gemini-3-pro-preview,5,1.0,0.0,0.0,1.0,1.0,0.6611,0.0,0.0,0.6611,0.6611,0.7254,0.0,0.0,0.7254,0.7254,1.0,0.0,0.0,1.0,1.0,1.0,0.0,0.0,1.0,1.0,0.0,0.0,0.0,0.0,0.0,0.0,0.0,0.0,0.0,0.0,1.6888501999999999,0.0482964563312879,0.02859724108821961,1.6541784,1.7626882,35.558,0.2730128202117982,0.00767795770886434,35.248,35.886,99.6,1.2,0.012048192771084338,99.0,101.4,0.0,0.0,0.0,0.0,0.0
reruns,Termgraph,claude-4.5-sonnet,5,0.0,0.0,0.0,0.0,0.0,0.6393,0.0,0.0,0.6393,0.6393,0.6646,0.0,0.0,0.6646,0.6646,1.0,0.0,0.0,1.0,1.0,1.0,0.0,0.0,1.0,1.0,0.0,0.0,0.0,0.0,0.0,0.0,0.0,0.0,0.0,0.0,1.6783288,0.04736677932644358,0.028222586257498277,1.6262454,1.7457624,35.534,0.3816071278160301,0.010739211116565265,35.042,35.994,100.46,2.5048752463945183,0.024934055807231917,97.22,103.08,0.0,0.0,0.0,0.0,0.0
reruns,TheFuck,gpt-5.2,5,0.25,0.0,0.0,0.25,0.25,0.5903,0.0,0.0,0.5903,0.5903,0.6396,0.0,0.0,0.6396,0.6396,1.0,0.0,0.0,1.0,1.0,0.0,0.0,0.0,0.0,0.0,0.0,0.0,0.0,0.0,0.0,1.0,0.0,0.0,1.0,1.0,1.5865928,0.057410436331384915,0.03618473267456206,1.511651,1.637042,33.394,0.16835676404587976,0.005041527341614655,33.142,33.542,98.04,1.2403225386970904,0.01265118868520084,96.62,99.76,0.0,0.0,0.0,0.0,0.0
reruns,TheFuck,gemini-3-pro-preview,5,0.25,0.0,0.0,0.25,0.25,0.5341,0.0005621387729022289,0.0010524972344172043,0.5335,0.53486,0.7083,0.0,0.0,0.7083,0.7083,0.6667,0.0,0.0,0.6667,0.6667,0.0,0.0,0.0,0.0,0.0,0.0,0.0,0.0,0.0,0.0,0.99256,0.004671873285952872,0.004706892566648738,0.9873999999999999,0.99882,1.5225914,0.025141942857305203,0.016512600069398267,1.4908954,1.5535862,33.192,0.15574337867145518,0.004692196272338371,33.002,33.374,101.28,1.370255450636851,0.013529378462054216,99.28,102.58,0.0,0.0,0.0,0.0,0.0
reruns,TheFuck,claude-4.5-sonnet,5,0.9167,0.0,0.0,0.9167,0.9167,0.88388,0.001123209686567923,0.0012707716958952832,0.88214,0.8846,0.6795,0.0,0.0,0.6795,0.6795,1.0,0.0,0.0,1.0,1.0,1.0,0.0,0.0,1.0,1.0,1.0,0.0,0.0,1.0,1.0,0.99396,0.009411609851667243,0.009468801412196913,0.97938,1.0,1.3292868,0.019478717816119234,0.014653510300500414,1.3009252,1.3482906,33.128,0.17543089807670742,0.005295547514993583,32.97,33.392,100.53999999999999,2.462194143441982,0.024489697070240523,98.8,104.32,0.0,0.0,0.0,0.0,0.0
reruns,TinyDB,gpt-5.2,5,0.0,0.0,0.0,0.0,0.0,0.4,0.0,0.0,0.4,0.4,0.0,0.0,0.0,0.0,0.0,1.0,0.0,0.0,1.0,1.0,1.0,0.0,0.0,1.0,1.0,0.0,0.0,0.0,0.0,0.0,0.0,0.0,0.0,0.0,0.0,1.674104,0.027749037604933267,0.016575456247003333,1.6376157999999998,1.7001426,35.794000000000004,0.3130878470972638,0.008746936556329658,35.346000000000004,36.142,98.48,1.8312837027615378,0.0185954884520871,95.86,100.54,0.0,0.0,0.0,0.0,0.0
reruns,TinyDB,gemini-3-pro-preview,5,0.1667,0.0,0.0,0.1667,0.1667,0.6559,0.0,0.0,0.6559,0.6559,0.7107,0.0,0.0,0.7107,0.7107,1.0,0.0,0.0,1.0,1.0,1.0,0.0,0.0,1.0,1.0,0.0,0.0,0.0,0.0,0.0,0.0,0.0,0.0,0.0,0.0,1.6947666000000001,0.05035085290479201,0.02970960892478764,1.6370132,1.7639038,35.592,0.23726778120933237,0.0066663233650632835,35.236000000000004,35.812,100.0,1.0411532067856326,0.010411532067856326,98.47999999999999,100.98,0.0,0.0,0.0,0.0,0.0
reruns,TinyDB,claude-4.5-sonnet,5,0.5833,0.0,0.0,0.5833,0.5833,0.6406,0.0,0.0,0.6406,0.6406,0.6683,0.0,0.0,0.6683,0.6683,1.0,0.0,0.0,1.0,1.0,1.0,0.0,0.0,1.0,1.0,0.0,0.0,0.0,0.0,0.0,0.0,0.0,0.0,0.0,0.0,1.7118788,0.04982594171473327,0.029105998458964076,1.668288,1.7759246,36.018,0.2412799204243895,0.0066988705765003475,35.676,36.296,99.1,1.531012736720369,0.015449169896270121,96.92,100.8,0.0,0.0,0.0,0.0,0.0
reruns,Typer,gpt-5.2,5,0.1667,0.0,0.0,0.1667,0.1667,0.7383,0.0,0.0,0.7383,0.7383,0.9397,0.0,0.0,0.9397,0.9397,1.0,0.0,0.0,1.0,1.0,1.0,0.0,0.0,1.0,1.0,0.0,0.0,0.0,0.0,0.0,0.0,0.0,0.0,0.0,0.0,1.6951974,0.02898996811036534,0.017101234411028083,1.6552542000000001,1.726994,35.583999999999996,0.4133086014106172,0.011615012404749811,35.062,35.956,98.64,1.036532681587994,0.010508238864436274,97.2,99.82,0.0,0.0,0.0,0.0,0.0
reruns,Typer,gemini-3-pro-preview,5,0.0,0.0,0.0,0.0,0.0,0.7476,0.0,0.0,0.7476,0.7476,0.9655,0.0,0.0,0.9655,0.9655,1.0,0.0,0.0,1.0,1.0,1.0,0.0,0.0,1.0,1.0,0.0,0.0,0.0,0.0,0.0,0.0,0.0,0.0,0.0,0.0,1.7548492,0.10475357342907213,0.059693775071426154,1.6511562,1.8982402,35.288,0.36029987510405886,0.010210266240763401,34.8,35.722,98.53999999999999,1.7895250766614028,0.01816039249707127,96.02,100.62,0.0,0.0,0.0,0.0,0.0
reruns,Typer,claude-4.5-sonnet,5,0.25,0.0,0.0,0.25,0.25,0.7451,0.0,0.0,0.7451,0.7451,0.9585,0.0,0.0,0.9585,0.9585,1.0,0.0,0.0,1.0,1.0,1.0,0.0,0.0,1.0,1.0,0.0,0.0,0.0,0.0,0.0,0.0,0.0,0.0,0.0,0.0,1.7021776,0.07545664862846745,0.04432948044226845,1.6471438,1.8174258,35.392,0.1978282083020524,0.005589630659529056,35.104,35.604,98.04,0.9687104830649887,0.009880767881119835,96.64,98.98,0.0,0.0,0.0,0.0,0.0
reruns,Watchdog,gpt-5.2,5,0.0,0.0,0.0,0.0,0.0,0.6735,0.0,0.0,0.6735,0.6735,0.7596,0.0,0.0,0.7596,0.7596,1.0,0.0,0.0,1.0,1.0,1.0,0.0,0.0,1.0,1.0,0.0,0.0,0.0,0.0,0.0,0.0,0.0,0.0,0.0,0.0,1.7050446,0.056853800409823095,0.03334446524731558,1.6460214,1.7881942,35.699999999999996,0.4701914503688908,0.013170628861873694,35.064,36.228,99.98,1.345213737664019,0.01345482834230865,98.22,101.64,0.0,0.0,0.0,0.0,0.0
reruns,Watchdog,gemini-3-pro-preview,5,0.0,0.0,0.0,0.0,0.0,0.6941,0.0,0.0,0.6941,0.6941,0.8169,0.0,0.0,0.8169,0.8169,1.0,0.0,0.0,1.0,1.0,1.0,0.0,0.0,1.0,1.0,0.0,0.0,0.0,0.0,0.0,0.0,0.0,0.0,0.0,0.0,1.648081,0.019677539205906824,0.011939667532061122,1.6256412,1.6731072,35.664,0.25710698162438156,0.0072091459629985855,35.474000000000004,36.056000000000004,99.44,1.5134067529914081,0.015219295585191151,98.02,101.67999999999999,0.0,0.0,0.0,0.0,0.0
reruns,Watchdog,claude-4.5-sonnet,5,0.0,0.0,0.0,0.0,0.0,0.6831,0.0,0.0,0.6831,0.6831,0.7864,0.0,0.0,0.7864,0.7864,1.0,0.0,0.0,1.0,1.0,1.0,0.0,0.0,1.0,1.0,0.0,0.0,0.0,0.0,0.0,0.0,0.0,0.0,0.0,0.0,1.6837118,0.041777529028893,0.024812755383013294,1.6254376000000001,1.7330041999999999,35.634,0.4136955402225163,0.011609573447340078,35.082,36.123999999999995,100.6,1.4966629547095767,0.014877365354965972,99.0,102.6,0.0,0.0,0.0,0.0,0.0
reruns,Xmltodict,gpt-5.2,5,1.0,0.0,0.0,1.0,1.0,0.6451,0.0,0.0,0.6451,0.6451,0.6807,0.0,0.0,0.6807,0.6807,1.0,0.0,0.0,1.0,1.0,1.0,0.0,0.0,1.0,1.0,0.0,0.0,0.0,0.0,0.0,0.0,0.0,0.0,0.0,0.0,1.6701268,0.0544704326562586,0.03261454918049252,1.6260494,1.7527894000000002,35.914,0.3822878496630514,0.01064453554778224,35.424,36.324,98.8,2.079422996891208,0.0210467914665102,95.67999999999999,100.72,0.0,0.0,0.0,0.0,0.0
reruns,Xmltodict,gemini-3-pro-preview,5,1.0,0.0,0.0,1.0,1.0,0.6646,0.0,0.0,0.6646,0.6646,0.7351,0.0,0.0,0.7351,0.7351,1.0,0.0,0.0,1.0,1.0,1.0,0.0,0.0,1.0,1.0,0.0,0.0,0.0,0.0,0.0,0.0,0.0,0.0,0.0,0.0,1.7317218,0.06657646051090425,0.03844524017131635,1.6620078,1.8238607999999998,35.532000000000004,0.5707679037927768,0.016063489355870108,34.982,36.334,99.96000000000001,1.0781465577554854,0.010785779889510657,98.92,101.52000000000001,0.0,0.0,0.0,0.0,0.0
reruns,Xmltodict,claude-4.5-sonnet,5,0.0,0.0,0.0,0.0,0.0,0.4,0.0,0.0,0.4,0.4,0.0,0.0,0.0,0.0,0.0,1.0,0.0,0.0,1.0,1.0,1.0,0.0,0.0,1.0,1.0,0.0,0.0,0.0,0.0,0.0,0.0,0.0,0.0,0.0,0.0,1.6616488,0.01288702352601255,0.007755563947094326,1.6441694,1.6768422,35.402,0.30596731851621095,0.008642656305186456,35.012,35.778,98.8,1.9390719429665315,0.01962623424055194,96.4,101.4,0.0,0.0,0.0,0.0,0.0
